Текст;Цена
Смартфон Samsung Galaxy M32 SM-M325FZKGCAU 6GB/128GB (черный);599.00
Смартфон Samsung Galaxy A54 5G SM-A546 6GB/128GB (белый);1 239.00
Смартфон Samsung Galaxy A54 5G SM-A546 8GB/256GB (белый);1 409.00
Смартфон Samsung Galaxy S23 Ultra SM-S918B/DS 12GB/256GB (черный фантом);3 529.00
Смартфон Samsung Galaxy A54 5G SM-A546 8GB/256GB (графит);1 409.00
Смартфон Samsung Galaxy S23 SM-S911B/DS 8GB/256GB (черный фантом);2 609.00
Смартфон Samsung Galaxy S23 SM-S911B/DS 8GB/128GB (зеленый);2 459.00
Смартфон Samsung Galaxy S23 Ultra SM-S918B/DS 12GB/512GB (черный фантом);4 129.00
Смартфон Samsung Galaxy S23 Ultra SM-S918B/DS 12GB/256GB (зеленый);3 529.00
Смартфон Samsung Galaxy A54 5G SM-A546 8GB/256GB (фиолетовый);1 409.00
Смартфон Samsung Galaxy S23 SM-S911BLIGCAU 8GB/256GB (лаванда);2 609.00
Смартфон Samsung Galaxy S23 SM-S911B/DS 8GB/128GB (лаванда);2 459.00
Смартфон Samsung Galaxy A54 5G SM-A546 6GB/128GB (графит);1 239.00
Смартфон Samsung Galaxy A34 5G SM-A346 6GB/128GB (графит);1 089.00
Смартфон Samsung Galaxy A32 SM-A325FZBGCAU 4GB/128GB (голубой);699.00
Смартфон Samsung Galaxy S23 FE SM-S711B 8GB/128GB (графит);1 999.00
Смартфон Samsung Galaxy S23 SM-S911B/DS 8GB/256GB (бежевый);2 609.00
Смартфон Samsung Galaxy A54 5G SM-A546 6GB/128GB (фиолетовый);1 239.00
Смартфон Samsung Galaxy A23 SM-A235FZWUSKZ 4GB/64GB (белый);599.00
Смартфон Samsung Galaxy S23+ SM-S916BZGGCAU 8GB/512GB (зеленый);3 209.00
Смартфон Samsung Galaxy A54 5G SM-A546 8GB/256GB (лайм);1 409.00
Смартфон Samsung Galaxy S23 Ultra SM-S918BLIHCAU 12GB/512GB (лаванда);4 129.00
Смартфон Samsung Galaxy S23 Ultra SM-S918B/DS 12GB/256GB (бежевый);3 529.00
Смартфон Samsung Galaxy A14 SM-A145FZSVCAU 4GB/128GB (серебристый);579.00
Смартфон Samsung Galaxy S23 SM-S911B/DS 8GB/128GB (бежевый);2 459.00
Смартфон Samsung Galaxy A34 5G SM-A346 8GB/256GB (графит);1 239.00
Смартфон Samsung Galaxy S23 Ultra SM-S918B/DS 12GB/512GB (зеленый);4 129.00
Смартфон Samsung Galaxy S23 FE SM-S711B 8GB/256GB (графит);2 199.00
Смартфон Samsung Galaxy A14 SM-A145FZKUCAU 4GB/64GB (черный);509.00
Смартфон Samsung Galaxy S23 FE SM-S711B 8GB/128GB (фиолетовый);1 999.00
Смартфон Samsung Galaxy S23 FE SM-S711B 8GB/256GB (фиолетовый);2 199.00
Смартфон Samsung Galaxy S23+ SM-S916B/DS 8GB/512GB (черный фантом);3 209.00
Смартфон Samsung Galaxy A14 SM-A145FZKVCAU 4GB/128GB (черный);579.00
Смартфон Samsung Galaxy A23 SM-A235FZOUCAU 4GB/64GB (персиковый);599.00
Смартфон Samsung Galaxy A54 5G SM-A546 6GB/128GB (лайм);1 239.00
Смартфон Samsung Galaxy A24 4GB/128GB (черный);749.00
Смартфон Samsung Galaxy A24 4GB/128GB (зеленый);749.00
Смартфон Samsung Galaxy A34 5G SM-A346 6GB/128GB (фиолетовый);1 089.00
Смартфон Samsung Galaxy S23 FE SM-S711B 8GB/128GB (мятный);1 999.00
Смартфон Samsung Galaxy A34 5G SM-A346 8GB/256GB (фиолетовый);1 239.00
Смартфон Samsung Galaxy S23 Ultra SM-S918B/DS 12GB/512GB (бежевый);4 129.00
Смартфон Samsung Galaxy Z Flip5 SM-F731B/DS 8GB/256GB (лаванда);3 729.00
Смартфон Samsung Galaxy A34 5G SM-A346 8GB/256GB (серебристый);1 239.00
Смартфон Samsung Galaxy S23 FE SM-S711B 8GB/256GB (мятный);2 199.00
Смартфон Samsung Galaxy Z Fold5 5G 12GB/256GB (SM-F946B) черный;6 359.00
Смартфон Samsung Galaxy Z Fold5 5G 12GB/512GB (SM-F946B) черный;6 689.00
Смартфон Samsung Galaxy S23 FE SM-S711B 8GB/128GB (бежевый);1 999.00
Смартфон Samsung Galaxy A14 SM-A145FLGVCAU 4GB/128GB (зеленый);579.00
Смартфон Samsung Galaxy S23 FE SM-S711B 8GB/256GB (бежевый);2 199.00
Смартфон Samsung Galaxy A34 5G SM-A346 6GB/128GB (серебристый);1 089.00
Смартфон Samsung Galaxy A34 5G SM-A346 8GB/256GB (лайм);1 239.00
Смартфон Samsung Galaxy A04s 3GB/32GB  (SM-A047) зеленый;429.00
Смартфон Samsung Galaxy A34 5G SM-A346 6GB/128GB (лайм);1 089.00
Смартфон Samsung Galaxy S23+ SM-S916B/DS 8GB/512GB (бежевый);3 209.00
Смартфон Samsung Galaxy A05s SM-A057F 4GB/128GB (серебристый);549.00
Смартфон Samsung Galaxy Z Flip5 SM-F731B/DS 8GB/512GB (графит);4 069.00
Смартфон Samsung Galaxy Z Flip5 SM-F731B/DS 8GB/512GB (лаванда);4 069.00
Смартфон Samsung Galaxy A05s SM-A057F 4GB/64GB (черный);479.00
Смартфон Samsung Galaxy Z Flip5 SM-F731B/DS 8GB/256GB (графит);3 729.00
Смартфон Samsung Galaxy A05s SM-A057F 4GB/128GB (лаванда);549.00
